file,lang,expected_label,expected_text,source_of_label
fixtures/audio/later_en.wav,en,call_later,,filename + ai/generate_fixtures.py
fixtures/audio/later_en_2.wav,en,call_later,,filename + ai/generate_fixtures.py
fixtures/audio/later_en_3.wav,en,call_later,,filename + ai/generate_fixtures.py
fixtures/audio/later_hi.wav,hi,call_later,,filename + ai/generate_fixtures.py
fixtures/audio/later_hi_2.wav,hi,call_later,,filename + ai/generate_fixtures.py
fixtures/audio/later_hi_3.wav,hi,call_later,,filename + ai/generate_fixtures.py
fixtures/audio/later_ml.wav,ml,call_later,,filename + ai/generate_fixtures.py
fixtures/audio/later_ml_2.wav,ml,call_later,,filename + ai/generate_fixtures.py
fixtures/audio/later_ml_3.wav,ml,call_later,,filename + ai/generate_fixtures.py
fixtures/audio/later_ta.wav,ta,call_later,,filename + ai/generate_fixtures.py
fixtures/audio/later_ta_2.wav,ta,call_later,,filename + ai/generate_fixtures.py
fixtures/audio/later_ta_3.wav,ta,call_later,,filename + ai/generate_fixtures.py
fixtures/audio/no_en.wav,en,decline,,filename + ai/generate_fixtures.py
fixtures/audio/no_en_2.wav,en,decline,,filename + ai/generate_fixtures.py
fixtures/audio/no_en_3.wav,en,decline,,filename + ai/generate_fixtures.py
fixtures/audio/no_hi.wav,hi,decline,,filename + ai/generate_fixtures.py
fixtures/audio/no_hi_2.wav,hi,decline,,filename + ai/generate_fixtures.py
fixtures/audio/no_hi_3.wav,hi,decline,,filename + ai/generate_fixtures.py
fixtures/audio/no_ml.wav,ml,decline,,filename + ai/generate_fixtures.py
fixtures/audio/no_ml_2.wav,ml,decline,,filename + ai/generate_fixtures.py
fixtures/audio/no_ml_3.wav,ml,decline,,filename + ai/generate_fixtures.py
fixtures/audio/no_ta.wav,ta,decline,,filename + ai/generate_fixtures.py
fixtures/audio/no_ta_2.wav,ta,decline,,filename + ai/generate_fixtures.py
fixtures/audio/no_ta_3.wav,ta,decline,,filename + ai/generate_fixtures.py
fixtures/audio/noise.wav,,unclear,,filename + ai/generate_fixtures.py (language unspecified)
fixtures/audio/noise_en.wav,en,unclear,,filename + ai/generate_fixtures.py
fixtures/audio/noise_hi.wav,hi,unclear,,filename + ai/generate_fixtures.py
fixtures/audio/noise_ml.wav,ml,unclear,,filename + ai/generate_fixtures.py
fixtures/audio/noise_ta.wav,ta,unclear,,filename + ai/generate_fixtures.py
fixtures/audio/stop_en.wav,en,stop_calling,,filename + ai/generate_fixtures.py
fixtures/audio/stop_en_2.wav,en,stop_calling,,filename + ai/generate_fixtures.py
fixtures/audio/stop_en_3.wav,en,stop_calling,,filename + ai/generate_fixtures.py
fixtures/audio/stop_hi.wav,hi,stop_calling,,filename + ai/generate_fixtures.py
fixtures/audio/stop_hi_2.wav,hi,stop_calling,,filename + ai/generate_fixtures.py
fixtures/audio/stop_hi_3.wav,hi,stop_calling,,filename + ai/generate_fixtures.py
fixtures/audio/stop_ml.wav,ml,stop_calling,,filename + ai/generate_fixtures.py
fixtures/audio/stop_ml_2.wav,ml,stop_calling,,filename + ai/generate_fixtures.py
fixtures/audio/stop_ml_3.wav,ml,stop_calling,,filename + ai/generate_fixtures.py
fixtures/audio/stop_ta.wav,ta,stop_calling,,filename + ai/generate_fixtures.py
fixtures/audio/stop_ta_2.wav,ta,stop_calling,,filename + ai/generate_fixtures.py
fixtures/audio/stop_ta_3.wav,ta,stop_calling,,filename + ai/generate_fixtures.py
fixtures/audio/yes_en.wav,en,confirm,,filename + ai/generate_fixtures.py
fixtures/audio/yes_en_2.wav,en,confirm,,filename + ai/generate_fixtures.py
fixtures/audio/yes_en_3.wav,en,confirm,,filename + ai/generate_fixtures.py
fixtures/audio/yes_hi.wav,hi,confirm,,filename + ai/generate_fixtures.py
fixtures/audio/yes_hi_2.wav,hi,confirm,,filename + ai/generate_fixtures.py
fixtures/audio/yes_hi_3.wav,hi,confirm,,filename + ai/generate_fixtures.py
fixtures/audio/yes_ml.wav,ml,confirm,,filename + ai/generate_fixtures.py
fixtures/audio/yes_ml_2.wav,ml,confirm,,filename + ai/generate_fixtures.py
fixtures/audio/yes_ml_3.wav,ml,confirm,,filename + ai/generate_fixtures.py
fixtures/audio/yes_ta.wav,ta,confirm,,filename + ai/generate_fixtures.py
fixtures/audio/yes_ta_2.wav,ta,confirm,,filename + ai/generate_fixtures.py
fixtures/audio/yes_ta_3.wav,ta,confirm,,filename + ai/generate_fixtures.py
