language,step_key,translated_text,audio_file,natural_yes_no,corrected_text
en,prompt,,ai/tests/tts_out/en_prompt.wav,,
en,reprompt,,ai/tests/tts_out/en_reprompt.wav,,
en,ack_confirm,,ai/tests/tts_out/en_ack_confirm.wav,,
en,ack_decline,,ai/tests/tts_out/en_ack_decline.wav,,
en,ack_reschedule,,ai/tests/tts_out/en_ack_reschedule.wav,,
en,ack_call_later,,ai/tests/tts_out/en_ack_call_later.wav,,
hi,prompt,,ai/tests/tts_out/hi_prompt.wav,,
hi,reprompt,,ai/tests/tts_out/hi_reprompt.wav,,
hi,ack_confirm,,ai/tests/tts_out/hi_ack_confirm.wav,,
hi,ack_decline,,ai/tests/tts_out/hi_ack_decline.wav,,
hi,ack_reschedule,,ai/tests/tts_out/hi_ack_reschedule.wav,,
hi,ack_call_later,,ai/tests/tts_out/hi_ack_call_later.wav,,
ml,prompt,,ai/tests/tts_out/ml_prompt.wav,,
ml,reprompt,,ai/tests/tts_out/ml_reprompt.wav,,
ml,ack_confirm,,ai/tests/tts_out/ml_ack_confirm.wav,,
ml,ack_decline,,ai/tests/tts_out/ml_ack_decline.wav,,
ml,ack_reschedule,,ai/tests/tts_out/ml_ack_reschedule.wav,,
ml,ack_call_later,,ai/tests/tts_out/ml_ack_call_later.wav,,
ta,prompt,,ai/tests/tts_out/ta_prompt.wav,,
ta,reprompt,,ai/tests/tts_out/ta_reprompt.wav,,
ta,ack_confirm,,ai/tests/tts_out/ta_ack_confirm.wav,,
ta,ack_decline,,ai/tests/tts_out/ta_ack_decline.wav,,
ta,ack_reschedule,,ai/tests/tts_out/ta_ack_reschedule.wav,,
ta,ack_call_later,,ai/tests/tts_out/ta_ack_call_later.wav,,
